genus,species
Abronia,macrocarpa
Abutilon,eremitopetalum
Abutilon,menziesii
Abutilon,sandwicense
Acaena,exigua
Acanthomintha,obovata
Achyranthes,mutica
Achyranthes,splendens
Adenophorus,periens
Adiantum,vivesii
Agalinis,acuta
Agave,arizonica
Alectryon,macrococcus
Allium,munzii
Alopecurus,aequalis
Alsinidendron,lychnoides
Alsinidendron,obovatum
Alsinidendron,trinerve
Alsinidendron,viscosum
Cyathea,dryopteroides
Amaranthus,brownii
Ambrosia,cheiranthifolia
Ambrosia,pumila
Amorpha,crenulata
Amsinckia,grandiflora
Amsonia,kearneyana
Arabis,hoffmannii
Arabis,macdonaldiana
Arabis,perstellata
Arabis,serotina
Arctomecon,humilis
Arctostaphylos,confertiflora
Arctostaphylos,glandulosa
Arctostaphylos,hookeri
Arenaria,paludicola
Argemone,pleiacantha
Argyroxiphium,kauense
Argyroxiphium,sandwicense
Aristida,chaseae
Aristida,portoricensis
Asimina,tetramera
Asplenium,fragile
Astragalus,albens
Astragalus,applegatei
Astragalus,bibullatus
Astragalus,brauntonii
Astragalus,clarianus
Astragalus,cremnophylax
Astragalus,ampullarioides
Astragalus,holmgreniorum
Astragalus,humillimus
Astragalus,jaegerianus
Astragalus,lentiginosus
Astragalus,osterhoutii
Astragalus,pycnostachyus
Astragalus,robbinsii
Astragalus,tener
Astragalus,tricarinatus
Astrophytum,asterias
Atriplex,coronata
Auerodendron,pauciflorum
Ayenia,limitaris
Banara,vanderbiltii
Baptisia,arachnifera
Bidens,micrantha
Bidens,wiebkei
Blennosperma,bakeri
Bonamia,menziesii
Brighamia,insignis
Brighamia,rockii
Buxus,vahlii
Caesalpinia,kavaiensis
Callicarpa,ampla
Callirhoe,scabriuscula
Calyptranthes,thomasiana
Calystegia,stebbinsii
Campanula,robinsiae
Canavalia,molokaiensis
Cardamine,micranthera
Carex,albida
Carex,lutea
Castilleja,affinis
Castilleja,grisea
Castilleja,mollis
Catesbaea,melanocarpa
Ceanothus,ferrisiae
Ceanothus,roderickii
Cenchrus,agrimonioides
Centaurium,sebaeoides
Cercocarpus,traskiae
Chamaecrista,glandulosa
Chamaesyce,celastroides
Chamaesyce,deltoidea
Chamaesyce,deppeana
Chamaesyce,halemanui
Chamaesyce,herbstii
Chamaesyce,kuwaleana
Chamaesyce,rockii
Chamaesyce,skottsbergii
Chionanthus,pygmaeus
Chorizanthe,howellii
Chorizanthe,orcuttiana
Chorizanthe,pungens
Chorizanthe,robusta
Chorizanthe,valida
Chrysopsis,floridana
Cirsium,fontinale
Cirsium,fontinale
Cirsium,hydrophilum
Cirsium,loncholepis
Cladonia,perforata
Clarkia,franciscana
Clarkia,imbricata
Clarkia,speciosa
Clematis,morefieldii
Clematis,socialis
Clermontia,drepanomorpha
Clermontia,lindseyana
Clermontia,oblongifolia
Clermontia,oblongifolia
Clermontia,peleana
Clermontia,pyrularia
Clermontia,samuelii
Colubrina,oppositifolia
Conradina,brevifolia
Conradina,etonia
Conradina,glabra
Cordia,bellonis
Cordylanthus,maritimus
Cordylanthus,mollis
Cordylanthus,palmatus
Cordylanthus,tenuis
Cornutia,obovata
Coryphantha,scheeri
Cranichis,ricartii
Crescentia,portoricensis
Crotalaria,avonensis
Cryptantha,crassipes
Ctenitis,squamigera
Cucurbita,okeechobeensis
Cyanea,acuminata
Cyanea,asarifolia
Cyanea,copelandii
Cyanea,copelandii
Cyanea,crispa
Cyanea,dunbarii
Cyanea,glabra
Cyanea,grimesiana
Cyanea,grimesiana
Cyanea,hamatiflora
Cyanea,hamatiflora
Cyanea,humboldtiana
Cyanea,koolauensis
Cyanea,lobata
Cyanea,longiflora
Cyanea,macrostegia
Cyanea,mannii
Cyanea,mceldowneyi
Cyanea,pinnatifida
Cyanea,platyphylla
Cyanea,procera
Cyanea,remyi
Delissea,rivularis
Cyanea,shipmanii
Cyanea,st.-johnii
Cyanea,stictophylla
Cyanea,superba
Cyanea,truncata
Cyanea,undulata
Mariscus,fauriei
Mariscus,pennatiformis
Cyperus,trachysanthos
Cyrtandra,crenata
Cyrtandra,cyaneoides
Cyrtandra,dentata
Cyrtandra,giffardii
Cyrtandra,munroi
Cyrtandra,polyantha
Cyrtandra,subumbellata
Cyrtandra,tintinnabula
Cyrtandra,viridiflora
Dalea,foliosa
Daphnopsis,helleriana
Deeringothamnus,pulchellus
Deeringothamnus,rugelii
Deinandra,increscens
Delissea,rhytidosperma
Delissea,subcordata
Delissea,undulata
Delphinium,bakeri
Delphinium,luteum
Delphinium,variegatum
Dicerandra,christmanii
Dicerandra,cornutissima
Dicerandra,frutescens
Dicerandra,immaculata
Diellia,erecta
Diellia,falcata
Diellia,pallida
Diellia,unisora
Diplazium,molokaiense
Dodecahema,leptoceras
Dubautia,herbstobatae
Dubautia,latifolia
Dubautia,pauciflorula
Dubautia,plantaginea
Dudleya,setchellii
Dudleya,traskiae
Echinacea,laevigata
Echinacea,tennesseensis
Echinocactus,horizonthalonius
Echinocereus,triglochidiatus
Echinocereus,fendleri
Echinocereus,reichenbachii
Echinocereus,viridiflorus
Elaphoglossum,serpens
Eragrostis,fosbergii
Eremalche,kernensis
Eriastrum,densifolium
Erigeron,decumbens
Eriodictyon,altissimum
Eriodictyon,capitatum
Eriogonum,apricum
Eriogonum,ovalifolium
Eriogonum,ovalifolium
Eriogonum,pelinophilum
Eriophyllum,latilobum
Eryngium,aristulatum
Eryngium,constancei
Eryngium,cuneifolium
Erysimum,capitatum
Erysimum,menziesii
Erysimum,teretifolium
Erythronium,propullans
Coryphantha,minima
Coryphantha,sneedii
Eugenia,haematocarpa
Eugenia,koolauensis
Eugenia,woodburyana
Euphorbia,haeleeleana
Exocarpos,luteolus
Flueggea,neowawraea
Frankenia,johnstonii
Fremontodendron,californicum
Fremontodendron,mexicanum
Fritillaria,gentneri
Gahnia,lanaiensis
Galactia,smallii
Galium,buxifolium
Galium,californicum
Gardenia,brighamii
Gardenia,mannii
Geranium,arboreum
Geranium,multiflorum
Geum,radiatum
Gilia,tenuiflora
Gilia,tenuiflora
Schoenocrambe,suffrutescens
Goetzea,elegans
Gouania,hillebrandii
Gouania,meyenii
Gouania,vitifolia
Gymnoderma,lineare
Hackelia,venusta
Haplostachys,haplostachya
Harperocallis,flava
Cereus,eriophorus
Hedeoma,todsenii
Hedyotis,cookiana
Hedyotis,coriacea
Hedyotis,degeneri
Hedyotis,mannii
Hedyotis,parvula
Hedyotis,schlechtendahliana
Hedyotis,st.-johnii
Helianthus,schweinitzii
Cupressus,abramsiana
Hesperomannia,arborescens
Hesperomannia,arbuscula
Hesperomannia,lydgatei
Hibiscadelphus,distans
Hibiscadelphus,giffardianus
Hibiscadelphus,hualalaiensis
Hibiscadelphus,woodii
Hibiscus,arnottianus
Hibiscus,brackenridgei
Hibiscus,clayi
Hibiscus,waimeae
Hoffmannseggia,tenella
Hedyotis,purpurea
Huperzia,mannii
Lycopodium,nutans
Hymenoxys,texana
Hypericum,cumulicola
Ilex,cookii
Ilex,sintenisii
Iliamna,corei
Ipomopsis,sancti-spiritus
Ischaemum,byrone
Isodendrion,hosakae
Isodendrion,laurifolium
Isodendrion,pyrifolium
Isoetes,louisianensis
Isoetes,melanospora
Isoetes,tegetiformans
Jacquemontia,reclinata
Jatropha,costaricensis
Juglans,jamaicensis
Justicia,cooleyi
Kanaloa,kahoolawensis
Kokia,cookei
Kokia,drynarioides
Kokia,kauaiensis
Labordia,cyrtandrae
Labordia,lydgatei
Labordia,tinifolia
Labordia,tinifolia
Labordia,triflora
Lasthenia,burkei
Lasthenia,conjugens
Layia,carnosa
Lepanthes,eltoroensis
Lepidium,arbuscula
Lepidium,barnebyanum
Leptocereus,grantianus
Lesquerella,kingii
Lesquerella,pallida
Lesquerella,perforata
Lesquerella,tumulosa
Lesquerella,thamnophila
Lessingia,germanorum
Liatris,ohlingerae
Lilaeopsis,schaffneriana
Lilium,occidentale
Lilium,pardalinum
Limnanthes,floccosa
Limnanthes,floccosa
Limnanthes,vinculans
Lindera,melissifolia
Lipochaeta,fauriei
Lipochaeta,kamolensis
Lipochaeta,lobata
Lipochaeta,micrantha
Lipochaeta,tenuifolia
Lipochaeta,venosa
Lipochaeta,waimeaensis
Lithophragma,maximum
Lobelia,gaudichaudii
Lobelia,monostachya
Lobelia,niihauensis
Lobelia,oahuensis
Lomatium,bradshawii
Lomatium,cookii
Lotus,dendroideus
Lupinus,nipomensis
Lupinus,tidestromii
Lupinus,aridorum
Lyonia,truncata
Lysimachia,asperulifolia
Lysimachia,filifolia
Lysimachia,lydgatei
Lysimachia,maxima
Berberis,nevinii
Berberis,pinnata
Malacothamnus,clementinus
Malacothamnus,fasciculatus
Malacothrix,indecora
Malacothrix,squalida
Manihot,walkerae
Marsilea,villosa
Melicope,adscendens
Melicope,balloui
Melicope,haupuensis
Melicope,knudsenii
Melicope,lydgatei
Melicope,mucronulata
Melicope,munroi
Melicope,ovalis
Melicope,pallida
Melicope,quadrangularis
Melicope,reflexa
Melicope,saint-johnii
Melicope,zahlbruckneri
Mimulus,glabratus
Arenaria,cumberlandensis
Mitracarpus,maxwelliae
Mitracarpus,polycladus
Monardella,linoides
Monolopia,congdonii
Munroidendron,racemosum
Myrcia,paganii
Myrsine,juddii
Rorippa,gambelii
Navarretia,pauciflora
Navarretia,leucocephala
Neraudia,angulata
Neraudia,ovata
Neraudia,sericea
Nesogenes,rotensis
Nitrophila,mohavensis
Thlaspi,californicum
Nolina,brittoniana
Nothocestrum,breviflorum
Nothocestrum,peltatum
Nototrichium,humile
Ochrosia,kilaueaensis
Oenothera,avita
Oenothera,deltoides
Opuntia,treleasei
Orcuttia,californica
Orcuttia,pilosa
Orcuttia,viscida
Osmoxylon,mariannense
Ottoschulzia,rhodoxylon
Oxypolis,canbyi
Oxytheca,parishii
Panicum,fauriei
Panicum,niihauense
Pedicularis,furbishiae
Pediocactus,bradyi
Pediocactus,despainii
Pediocactus,knowltonii
Pediocactus,peeblesianus
Penstemon,haydenii
Penstemon,penlandii
Pentachaeta,bellidiflora
Pentachaeta,lyonii
Peperomia,wheeleri
Phacelia,argillacea
Phacelia,formosula
Phacelia,insularis
Phlox,hirsuta
Phlox,nivalis
Phyllostegia,glabra
Phyllostegia,hirsuta
Phyllostegia,kaalaensis
Phyllostegia,knudsenii
Phyllostegia,mannii
Phyllostegia,mollis
Phyllostegia,parviflora
Phyllostegia,racemosa
Phyllostegia,velutina
Phyllostegia,waimeae
Phyllostegia,warshaueri
Phyllostegia,wawrana
Pilosocereus,robinii
Piperia,yadonii
Pityopsis,ruthii
Plagiobothrys,hirtus
Plagiobothrys,strictus
Plantago,hawaiensis
Plantago,princeps
Platanthera,holochila
Pleodendron,macranthum
Pleomele,hawaiiensis
Poa,atropurpurea
Poa,mannii
Poa,napensis
Poa,sandvicensis
Poa,siphonoglossa
Pogogyne,abramsii
Pogogyne,nudiuscula
Polygala,lewtonii
Polygala,smallii
Polygonella,basiramia
Polygonella,myriophylla
Polygonum,hickmanii
Polystichum,aleuticum
Polystichum,calderonense
Portulaca,sclerocarpa
Potamogeton,clystocarpus
Potentilla,hickmanii
Pritchardia,affinis
Pritchardia,aylmer-robinsonii
Pritchardia,kaalae
Pritchardia,munroi
Pritchardia,napaliensis
Pritchardia,remota
Pritchardia,schattaueri
Pritchardia,viscosa
Prunus,geniculata
Pseudobahia,bahiifolia
Pteralyxia,kauaiensis
Pteris,lydgatei
Ptilimnium,nodosum
Purshia,Ã—subintegra
Ranunculus,acriformis
Remya,kauaiensis
Remya,mauiensis
Remya,montgomeryi
Rhododendron,chapmanii
Rhus,michauxii
Sagittaria,fasciculata
Sanicula,mariversa
Sanicula,purpurea
Santalum,freycinetianum
Sarracenia,oreophila
Sarracenia,rubra
Sarracenia,rubra
Scaevola,coriacea
Schiedea,adamantis
Schiedea,apokremnos
Schiedea,haleakalensis
Schiedea,helleri
Schiedea,hookeri
Schiedea,kaalae
Schiedea,kauaiensis
Schiedea,kealiae
Schiedea,lydgatei
Schiedea,membranacea
Schiedea,nuttallii
Schiedea,sarmentosa
Schiedea,spergulina
Schiedea,stellarioides
Schiedea,verticillata
Schoenocrambe,barnebyi
Schwalbea,americana
Scirpus,ancistrochaetus
Ancistrocactus,tobuschii
Sclerocactus,wrightiae
Parvisedum,leiocarpum
Serianthes,nelsonii
Sesbania,tomentosa
Sibara,filifolia
Sicyos,albus
Sidalcea,keckii
Sidalcea,oregana
Sidalcea,oregana
Sidalcea,pedata
Silene,alexandri
Silene,lanceolata
Silene,perlmanii
Silene,polypetala
Sisyrinchium,dichotomum
Solanum,drymophilum
Solanum,incompletum
Solanum,sandwicense
Solidago,shortii
Spermolepis,hawaiiensis
Spigelia,gentianoides
Spigelia,gentianoides
Spiranthes,delitescens
Spiranthes,parksii
Caulanthus,californicus
Stenogyne,angustifolia
Stenogyne,bifida
Stenogyne,campanulata
Stenogyne,kanehoana
Stephanomeria,malheurensis
Streptanthus,albidus
Streptanthus,niger
Styrax,texanus
Styrax,portoricensis
Suaeda,californica
Swallenia,alexandrae
Taraxacum,californicum
Tectaria,estremeriana
Ternstroemia,luquillensis
Ternstroemia,subsessilis
Tetramolopium,arenarium
Tetramolopium,capillare
Tetramolopium,filiforme
Tetramolopium,lepidotum
Tetramolopium,remyi
Tetraplasandra,gymnocarpa
Thalictrum,cooleyi
Thelypodium,stenopetalum
Thelypteris,inabonensis
Thelypteris,verecunda
Thelypteris,yaucoensis
Thymophylla,tephroleuca
Thysanocarpus,conchuliferus
Torreya,taxifolia
Trematolobelia,singularis
Trichilia,triacantha
Trifolium,amoenum
Trifolium,stoloniferum
Trifolium,trichocalyx
Trillium,persistens
Trillium,reliquum
Tuctoria,greenei
Tuctoria,mucronata
Urera,kaalae
Vernonia,proctori
Vicia,menziesii
Vigna,owahuensis
Viola,chamissoniana
Viola,helenae
Viola,kauaensis
Viola,lanaiensis
Viola,oahuensis
Warea,amplexifolia
Warea,carteri
Wilkesia,hobdyi
Xylosma,crenata
Xyris,tennesseensis
Zanthoxylum,dipetalum
Zanthoxylum,hawaiiense
Zanthoxylum,thomasianum
Zizania,texana
Ziziphus,celata
Abies,guatemalensis
Acanthomintha,ilicifolia
Aconitum,noveboracense
Aeschynomene,virginica
Amaranthus,pumilus
Amphianthus,pusillus
Apios,priceana
Arctostaphylos,morroensis
Arctostaphylos,myrtifolia
Arctostaphylos,pallida
Arenaria,ursina
Argyroxiphium,sandwicense
Asclepias,meadii
Asclepias,welshii
Asplenium,scolopendrium
Astragalus,desereticus
Astragalus,lentiginosus
Astragalus,montii
Astragalus,magdalenae
Astragalus,phoenix
Baccharis,vanessae
Betula,uber
Boltonia,decurrens
Bonamia,grandiflora
Brodiaea,filifolia
Brodiaea,pallida
Calochortus,tiburonensis
Calyptronoma,rivalis
Camissonia,benitensis
Carex,specuicola
Castilleja,campestris
Castilleja,cinerea
Castilleja,levisecta
Ceanothus,ophiochilus
Centaurium,namophilum
Chamaesyce,garberi
Chamaesyce,hooveri
Chlorogalum,purpureum
Chorizanthe,pungens
Cirsium,pitcheri
Cirsium,vinaceum
Calyptridium,pulchellum
Clarkia,springvillensis
Clitoria,fragrans
Conradina,verticillata
Coryphantha,ramillosa
Cyanea,recta
Cycladenia,jonesii
Cyrtandra,limahuliensis
Deinandra,conjugens
Dudleya,abramsii
Dudleya,cymosa
Dudleya,cymosa
Dudleya,nesiotica
Dudleya,stolonifera
Dudleya,verityi
Echinocereus,chisoensis
Echinomastus,mariposensis
Enceliopsis,nudicaulis
Erigeron,maguirei
Erigeron,parishii
Erigeron,rhizomatus
Eriogonum,gypsophilum
Eriogonum,kennedyi
Eriogonum,longifolium
Coryphantha,robbinsiorum
Coryphantha,sneedii
Euphorbia,telephioides
Eutrema,penlandii
Fitzroya,cupressoides
Gaura,neomexicana
Geocarpon,minimum
Gesneria,pauciflora
Grindelia,fraxinopratensis
Halophila,johnsonii
Harrisia,portoricensis
Helenium,virginicum
Helianthemum,greenei
Helianthus,paradoxus
Helonias,bullata
Cupressus,goveniana
Hesperolinon,congestum
Hexastylis,naniflora
Holocarpha,macradenia
Howellia,aquatilis
Hudsonia,montana
Iris,lacustris
Isodendrion,longifolium
Isotria,medeoloides
Ivesia,kingii
Lespedeza,leptostachya
Lesquerella,congesta
Lesquerella,filiformis
Lesquerella,lyrata
Liatris,helleri
Lupinus,oreganus
Macbridea,alba
Marshallia,mohrii
Mentzelia,leucophylla
Mirabilis,macfarlanei
Myrsine,linearifolia
Navarretia,fossalis
Neostapfia,colusana
Solidago,houghtonii
Orcuttia,inaequalis
Orcuttia,tenuis
Oxytropis,campestris
Senecio,franciscanus
Senecio,layneae
Paronychia,chartacea
Pediocactus,sileri
Pediocactus,winkleri
Peucedanum,sandwicense
Physaria,obcordata
Pinguicula,ionantha
Platanthera,leucophaea
Platanthera,praeclara
Primula,maguirei
Pseudobahia,peirsonii
Quercus,hinckleyi
Sedum,integrifolium
Rhynchospora,knieskernii
Ribes,echinellum
Sagittaria,secundifolia
Schiedea,spergulina
Schoenocrambe,argillacea
Schoepfia,arenaria
Sclerocactus,glaucus
Sclerocactus,mesae-verdae
Scutellaria,floridana
Scutellaria,montana
Sidalcea,nelsoniana
Silene,hawaiiensis
Silene,spaldingii
Solidago,albopilosa
Solidago,spithamaea
Spiraea,virginiana
Spiranthes,diluvialis
Stahlia,monosperma
Tetramolopium,rockii
Hymenoxys,herbacea
Thelypodium,howellii
Thelypteris,pilosa
Townsendia,aprica
Trichostema,austromontanum
Verbena,californica
Verbesina,dissita
Yermo,xanthocephalus
Ulmus,americana
Tsuga,canadensis
Castanea,dentata
